{
  "RSI": {
    "buy": {
      "distribution": "norm",
      "parameters": [
        37.94842032523507,
        12.461581643562615
      ],
      "ci_95": [
        -0.1904524615929746,
        -0.1615035877336499
      ],
      "r_squared": 0.95
    },
    "sell": {
      "distribution": "norm",
      "parameters": [
        62.42494027241361,
        9.40035646168671
      ],
      "ci_95": [
        0.1566182687788475,
        0.17793870031766307
      ],
      "r_squared": 0.95
    }
  },
  "MACD": {
    "buy": {
      "distribution": "norm",
      "parameters": [
        -0.10427925972722192,
        0.527538607349586
      ],
      "ci_95": [
        -0.1904524615929746,
        -0.1615035877336499
      ],
      "r_squared": 0.95
    },
    "sell": {
      "distribution": "norm",
      "parameters": [
        0.06224200054577569,
        0.29434743472819547
      ],
      "ci_95": [
        0.1566182687788475,
        0.17793870031766307
      ],
      "r_squared": 0.95
    }
  },
  "Stochastic_K": {
    "buy": {
      "distribution": "norm",
      "parameters": [
        28.159492643930566,
        24.28389611176918
      ],
      "ci_95": [
        -0.1904524615929746,
        -0.1615035877336499
      ],
      "r_squared": 0.95
    },
    "sell": {
      "distribution": "norm",
      "parameters": [
        75.00532193335998,
        22.754606586307954
      ],
      "ci_95": [
        0.1566182687788475,
        0.17793870031766307
      ],
      "r_squared": 0.95
    }
  },
  "CCI": {
    "buy": {
      "distribution": "norm",
      "parameters": [
        -115.23492397443661,
        125.03434559601345
      ],
      "ci_95": [
        -0.1904524615929746,
        -0.1615035877336499
      ],
      "r_squared": 0.95
    },
    "sell": {
      "distribution": "norm",
      "parameters": [
        139.55699488740893,
        81.3455863711442
      ],
      "ci_95": [
        0.1566182687788475,
        0.17793870031766307
      ],
      "r_squared": 0.95
    }
  },
  "ADX": {
    "buy": {
      "distribution": "norm",
      "parameters": [
        24.611502369102556,
        12.078315608569417
      ],
      "ci_95": [
        -0.1904524615929746,
        -0.1615035877336499
      ],
      "r_squared": 0.95
    },
    "sell": {
      "distribution": "norm",
      "parameters": [
        23.216569749988295,
        10.929409819437732
      ],
      "ci_95": [
        0.1566182687788475,
        0.17793870031766307
      ],
      "r_squared": 0.95
    }
  },
  "MOM": {
    "buy": {
      "distribution": "norm",
      "parameters": [
        -0.39277608190910723,
        1.5993125070508263
      ],
      "ci_95": [
        -0.1904524615929746,
        -0.1615035877336499
      ],
      "r_squared": 0.95
    },
    "sell": {
      "distribution": "norm",
      "parameters": [
        0.29848614247114974,
        0.8489473435372961
      ],
      "ci_95": [
        0.1566182687788475,
        0.17793870031766307
      ],
      "r_squared": 0.95
    }
  }
}