balance,total_profit,total_trades,win_count,loss_count,win_return,loss_return
9148.013043159033,-425.9934784204842,6,1,5,14.544140188655932,-440.53761860914017
