balance,total_profit,total_trades,win_count,loss_count,win_return,loss_return
57342.16748547106,23671.08374273553,107,58,49,43012.320372015056,-19341.236629279534
