balance,total_profit,total_trades,win_count,loss_count,win_return,loss_return
9487.646356401334,-256.1768217993363,98,45,53,328.9967772802458,-585.1735990795821
