Total Trades,Winning Trades,Losing Trades,Win Rate (%),Total Profit,Average Profit per Trade,Average ROC (%)
154,126,28,81.81818181818183,80.89488938542007,0.5252914895157148,0.8481531316952821
